Parameter_set,chi2,ep_RAF_RAF_mod_RASstategtp_double_deltaG,bind_RASstategtp_RAF_kf,bind_RASstategtp_RAF_kD,bind_RASstategtp_RAF_phi,bind_RAF_RAF_kf,bind_RAF_RAF_kD,bind_RAF_RAF_phi,ep_RAF_RAF_mod_RAFi_single_deltaG,ep_RAF_RAF_mod_RAFi_double_deltaG,bind_RAFi_RAF_kf,bind_RAFi_RAF_kD,bind_RAFi_RAF_phi,bind_RAF_MEKphosphou_kf,bind_RAF_MEKphosphou_kD,bind_RAF_MEKphosphou_phi,catalyze_RAFrafiNone_MEK_p_kcat,bind_MEKi_MEK_kf,bind_MEKi_MEK_kD,bind_MEKi_MEK_phi,ep_MEKphosphop_MEKi_deltaG,bind_MEK_ERKphosphou_kf,bind_MEK_ERKphosphou_kD,catalyze_MEKmekiNone_phosphop_ERK_p_kcat,bind_DUSP_ERKphosphop_kf,bind_DUSP_ERKphosphop_kD,DUSP_eq,synthesize_ERKphosphop_DUSP_ERK_gexpslope,synthesize_ERKphosphop_DUSP_kdeg,ep_EGFR_EGFR_mod_EGF_single_deltaG,ep_EGFR_EGFR_mod_EGF_double_deltaG,bind_EGF_EGFR_kf,bind_EGF_EGFR_kD,bind_EGF_EGFR_phi,bind_EGFR_EGFR_kf,bind_EGFR_EGFR_kD,bind_EGFR_EGFR_phi,catalyze_GRB2_RTKSH2ANY_deg_kcat,EGFR_eq,synthesize_ERKphosphop_EGFR_ERK_gexpslope,synthesize_ERKphosphop_EGFR_kdeg,bind_RTK_GRB2_kf,bind_RTK_GRB2_kD,bind_SPRY_GRB2_kf,bind_SPRY_GRB2_kD,SPRY_eq,synthesize_ERKphosphop_SPRY_ERK_gexpslope,synthesize_ERKphosphop_SPRY_kdeg,bind_GRB2_SOS1_kf,bind_GRB2_SOS1_kD,catalyze_ERKphosphop_SOS1_pS1134_kbase,catalyze_ERKphosphop_SOS1_pS1134_kcat,ep_SOS1S1134p_GRB2_deltaG,bind_SOS1_RAS_kf,bind_SOS1_RAS_kD,catalyze_SOS1_RAS_gtp_kcat,catalyze_PP2A_MEK_u_kcatr,catalyze_DUSP_ERK_u_kcatr,catalyze_phosphatase_SOS1_uS1134_kcatr,catalyze_NF1_RAS_gdp_kcatr,BRAF_0,CRAF_0,RAS_0,MEK_0,ERK_0,GRB2_0,SOS1_0,pMEK_IF_scale,pMEK_IF_offset,pERK_IF_scale,pERK_IF_offset
0,31.6599447,0.000100034,1698.00592,0.051113624,1,5698.75085,12.12822513,1,0.005507641,12.91009446,12480.21048,0.029220322,0,64483.18792,0.000106902,1,918005.7892,18170.6051,0.017936494,0,10.13964079,99999942.44,4.35E-05,9999727.378,84890849.58,5.76E-05,991.7727468,0.625091797,0.305599374,0.000167917,0.000133,9759884.99,0.001338552,1,3808.949897,1.364306537,1,8.74137859,8150.573723,1.080177309,0.101983908,1086875.402,0.103189826,43226668.94,0.002346768,4.363317441,12.80207302,0.001225771,11392.20942,0.000611327,0.012300268,2059.626353,9999.807506,3641.296301,0.002050052,1384.267332,0.00010004,9.513262053,0.007881747,0.004696915,1108.14714,12658.65373,45420.60242,68344.67301,53641.21546,45073.8256,6363.386906,2.075052982,0.002449751,3.932720119,0.067748983
1,31.81771616,0.0001,4486.504627,0.09146503,1,1334.306956,5.275980115,1,0.015261721,11.4452594,5150.314029,0.030866342,0,25023.88353,0.000111287,1,381265.9929,10194.1148,0.015494671,0,12.71001725,100000000,3.64E-05,9965085.287,65501818.91,0.015863783,914.4435058,0.641512835,0.316141202,0.000154858,0.007075879,34473022.28,0.00186816,1,1252530.932,11.33667535,1,139.8222383,8167.721107,1.072973806,0.220088479,23719107.86,0.013545231,501992.0161,0.009050442,2.342678436,13.08632826,0.003989834,466854.1352,0.000566086,0.330138041,263560.7532,9996.068648,11721.61196,0.045706419,7349.390438,0.0001,9.398719965,0.008061272,0.000355197,1108.168038,12683.43303,45473.50186,68187.60552,53555.88496,44914.36769,6364.747073,2.134982945,0.001596711,3.962984192,0.061711726
2,32.54364848,0.0001,1698.586586,0.004780676,1,1001.869233,120.2024612,1,0.000239817,9767.244738,1000.082989,0.046762762,0,16091.00908,0.000100003,1,2491592.988,1254.653666,0.043146672,0,1.000683533,99989783.95,1.00E-05,16409.73735,99995210.74,1.13E-05,1678.387282,0.313645247,0.316227158,0.001059368,0.103643642,326260.5545,0.005015823,1,1208986.329,1.007110407,1,5.283363737,8131.741418,0.783212514,0.270906388,604012.1851,0.029931308,13588812.3,0.003840921,5.48187386,9.179719481,0.316227103,1151.759651,0.000100028,0.130303222,1000.06102,344.8088547,1540152.056,0.593256206,1065.922967,0.000195902,0.349818033,0.011626139,0.020310819,1107.922137,12586.08876,45457.73473,59389.11177,77911.32675,45142.99928,6359.435106,18.26345799,0.121369147,4.021444459,0.086472845
3,32.81658784,0.000100214,1356.701609,0.000333622,1,2652.655427,95.45224999,1,0.000268175,9875.219781,1556.924669,0.045843167,0,5442.971496,0.301759867,1,937220.0265,32864.57043,0.003220777,0,15.47424469,99552554.86,1.00E-05,14849.98107,99060295.69,1.11E-05,1691.645353,0.305794507,0.315550941,0.000805797,0.000450061,41159.66298,0.001742594,1,144653.6578,16.49606655,1,7.754401612,8304.209747,0.755614007,0.269201968,1062359.51,0.10027754,18491006.87,0.002193474,8.177187197,8.589701066,0.316042632,6224.717265,0.000151331,0.066713029,1231.656293,176.8757686,9274.745044,0.340054996,1482.775017,0.000222832,0.338533476,0.011354688,0.016288298,1108.048449,12578.61747,45465.21823,59649.6102,78182.755,45512.57106,6359.064646,18.91190162,0.118361576,3.960228547,0.091870684
4,32.89932829,0.0001,1002.272697,0.004239976,1,110242.0702,726.3713899,1,0.000100099,62.60460648,1330.007133,0.036798478,0,9201.829246,0.000106476,1,553826.6499,1000.000253,0.035445562,0,1.356780834,72339967.61,1.00E-05,12723.60242,26018804.03,6.00E-05,1622.584564,0.283918643,0.31622773,0.000768946,6971.41024,21240.12704,0.132699122,1,20836035.56,93.15197345,1,5.151604098,7583.879083,0.827910956,0.10522645,12756686.71,0.000305639,1032.985059,0.00033967,1.822133279,9.01292921,0.118398803,26169.30627,0.00015283,0.018158359,1000,9999.998849,1683.112518,0.000366021,59202.62726,0.000194191,0.93563582,0.012013123,0.000243187,1107.571597,12587.11413,45419.9153,60127.96561,78365.47133,45061.76517,6364.611659,8.03029408,0.103288379,4.077958765,0.0781944
5,32.9171166,0.0001,1588.348035,0.012693831,1,1000.005066,161.2285618,1,0.000269671,9996.533829,2119.634795,0.034475909,0,23053.88328,0.000100061,1,1492807.781,1632.504962,0.041423983,0,1.000000853,99999829.61,1.00E-05,22756.13387,47436357.13,8.78E-05,1606.686409,0.313127189,0.316227763,0.003646372,222.3147306,647894.8831,0.049719848,1,2036881.154,4.972857357,1,999.9871977,8193.962839,0.763036822,0.266924683,881054.878,0.00066522,26467.00747,0.000713992,3.7470774,9.274537659,0.013032649,43463604.48,0.000128852,0.701565233,1607304.572,9999.93714,55069.9865,0.002851329,3805.411357,0.000193287,0.792215279,0.011562638,0.00110666,1107.913897,12588.96714,45442.78922,59986.23713,78438.27244,44869.98558,6367.094563,8.196394741,0.129629503,4.004188039,0.084008672
6,32.9411169,0.000100297,29119.49104,0.000617712,1,11471267.84,98.77581688,1,0.000337663,3467.695381,1097.163977,0.038123817,0,1000.407756,0.725736356,1,512626.3665,27060.57933,0.002405622,0,19.54998597,5158970.803,1.00E-05,1226.308561,21191442.98,0.000305263,1567.859349,0.308769667,0.001000001,0.000133693,0.051369333,3710.012561,0.015125649,1,542586.2827,1.839312024,1,13.55227982,8440.473487,0.708011725,0.081341658,1224168.556,0.00012259,25021596.13,0.000404621,1.330471114,7.802611437,0.003056007,12149311.3,0.00023757,0.016291091,539759.3076,9959.290491,1474550.464,0.002817186,1793.874143,0.000410691,0.065111588,0.011978069,0.361894264,1107.205591,12570.03711,45465.37631,59575.41139,79664.75778,45810.70232,6363.564787,99.89104581,0.112783986,3.942745639,0.087551195
7,32.95948011,0.0001,1455.793011,0.005006298,1,4059.541823,179.8435679,1,0.000150891,9972.106316,2229.988739,0.043431441,0,6712.066027,0.342848308,1,1793802.893,36261.95795,0.003157934,0,14.8713488,88925697.44,1.00E-05,14209.75107,93127885.01,1.00E-05,1682.940105,0.311183327,0.316219218,0.001766166,0.005820633,17693584.32,0.000342871,1,205423.7249,3.416579573,1,7.165919746,8102.45355,0.789107225,0.238880918,343278.9238,0.040919233,1001.704581,0.006838767,5.354921393,9.322321577,0.056030788,1069.550414,0.000122581,0.163697633,1000.004099,567.7768486,1753.81403,0.006529544,163518.5585,0.000100004,0.475100196,0.011656084,0.000103016,1108.104095,12573.16544,45442.60193,59600.69307,77563.98077,45067.83649,6361.098345,13.30974424,0.121219612,3.990170192,0.091677004
8,32.96532571,0.0001,2569.947669,0.038885404,1,17270.31027,10.6640023,1,0.002490474,9999.996776,1000.761847,0.044718001,0,36656.59236,0.00014077,1,18917.19367,100000000,0.000337527,0,5.301062077,39299404.54,1.00E-05,352048.0637,9793786.672,2.27E-05,1089.870255,0.615625584,0.316227125,0.002001885,0.083674489,1299276.041,0.001836169,1,567864.6443,131.6203041,1,999.5080126,8367.782437,1.035391463,0.126577954,907793.7952,0.481870101,1004.664623,0.000873426,0.117648412,12.00837772,0.002023466,15332.92389,0.000171172,0.450855415,1000.46682,10000,74388.87315,0.000326264,1442.182197,0.003787848,0.200225916,0.009001984,0.001793357,1108.016684,12604.93295,45422.28313,68087.64921,55655.28615,45282.3774,6362.043877,2.317879796,0.079847718,3.930448499,0.088168514
9,32.9982188,0.0001,2244.891988,0.038612362,1,19098.20673,10.40824173,1,0.002497255,9999.998388,1010.005596,0.044271528,0,38577.37209,0.000100001,1,19541.78676,99452047.79,0.000346152,0,6.200390754,72771569.22,1.00E-05,541814.0341,29507062.05,0.002464519,1113.576302,0.611487833,0.314910992,0.001675958,0.674660665,60687775.67,0.015077862,1,420829.6297,16.18246178,1,999.3435183,8380.581232,1.035589218,0.131981275,2965.336,0.000107821,1035.362617,0.000920892,3.724811933,12.009559,0.004538541,14109.52521,0.000174533,0.480979703,1002.534992,10000,95676453.79,0.058080228,9238.468237,0.003777065,0.229904234,0.009021817,0.000282281,1108.025767,12605.17386,45425.51921,68079.69791,55557.29469,45293.11604,6362.194765,2.294205941,0.079059681,3.928323455,0.088797856
10,33.05010802,0.000100002,2399.851948,0.039767068,1,14479.90291,10.15735216,1,0.002587752,9941.7853,1038.406505,0.04453258,0,34737.48322,0.000119754,1,18990.53807,100000000,0.000322374,0,5.562381987,41470309.83,1.00E-05,378356.7881,11126836.33,0.000219727,1089.380181,0.615292356,0.31622596,0.009734314,0.3325196,32774704.14,0.013522322,1,19339.80585,95.3222116,1,124.185071,8429.819198,1.024359973,0.145969433,5540498.352,0.001601856,25121.58865,0.001011879,7.267646082,11.96398941,0.001722216,12477.65404,0.000188486,0.437642611,1042.788925,9999.985033,81459115.48,0.387185166,3406.267415,0.003599606,0.195603405,0.008917937,0.000752053,1107.992167,12606.62197,45426.80576,68054.18542,55699.09002,45310.74783,6361.031555,2.32153759,0.078795865,3.925870864,0.088743266
11,33.12904904,0.000100042,4664.508728,0.000915166,1,1914.463849,485.1347343,1,0.000100233,9016.116194,5958.449872,0.029561139,0,36785.19054,0.000163554,1,1774124.895,2757.767124,0.039755066,0,1.005714645,99996405.73,1.00E-05,22202.84413,44160267.96,0.000174843,1623.686389,0.286584693,0.00171878,0.000101012,4793.303519,333977.239,0.02497638,1,29624.51848,1.733125435,1,9.954204095,8405.358085,0.706957459,0.1420552,68725.23127,0.018150709,1000,0.001325838,9.998735523,8.198463641,0.001910199,44268.34644,0.000100355,0.010001195,7522.399253,94.50685262,1746.096533,0.99836677,109555.8947,0.000266367,0.797910501,0.011703787,0.000226389,1108.589319,12537.05699,45296.70068,59876.82175,79259.76676,45594.07193,6357.917965,8.174255289,0.138832469,3.825120703,0.088195968
12,33.20177265,0.000100399,1003.088243,0.005688344,1,1375.702321,463.9432281,1,0.000166768,34.17916117,2049.556288,0.035883685,0,10564.49106,0.000939557,1,1088984.855,3082.955173,0.021333913,0,2.390693991,68292630.31,1.00E-05,13087.42181,65985440.46,4.22E-05,1610.27904,0.283407305,0.316227715,0.002245453,0.244310285,98998911.61,0.001057541,1,53286.99133,614.9868082,1,7.793355009,7378.032263,0.848933321,0.075890412,12322601.1,0.004056953,1049656.284,0.003889341,8.012629285,8.899146576,0.316227766,1810.933113,0.00028699,0.015049679,1000.045615,2768.56204,65728337.86,0.663739861,2236.211569,0.0001,1.026295253,0.012019872,0.004924615,1107.388375,12594.34454,45422.3281,60004.58411,78105.23259,45220.40525,6362.861352,7.421086949,0.075496071,4.078321886,0.07569243
13,33.2239286,0.000102297,1075.844193,0.000197658,1,2937.720474,299.107739,1,0.000160907,3070.555135,7212.425497,0.040243246,0,53821.98737,0.000501019,1,11914262.1,3533.173952,0.044550425,0,1.004702603,99923376.31,1.02E-05,17537.27249,11276534.16,2.90E-05,1696.414047,0.256008538,0.001001841,0.540544897,0.000170446,1292.593894,0.919765175,1,16721.42903,280.4992601,1,704.7368972,8056.513145,0.764983511,0.045598643,2601610.34,0.00018422,1033.64579,0.000224958,1.130038186,8.78168013,0.004157858,79468861.28,0.000102697,0.525119466,2743761.703,9979.904375,274639.5318,0.000447416,3167.054012,0.000122844,0.468028453,0.011996984,0.004556924,1108.757218,12571.69916,45467.62401,60082.88804,79067.7481,45176.31678,6367.504785,16.65009554,0.116173166,4.026471162,0.085937159
14,33.29052783,0.000100001,1673.060901,0.00139744,1,3810.416245,161.0290868,1,0.000161237,9970.537701,1789.95404,0.045438237,0,5004.126157,0.454766693,1,1664240.896,33599.28225,0.003058662,0,15.62574742,99968215.56,1.00E-05,15179.1887,99956759.9,1.12E-05,1694.005788,0.308379876,0.316227111,0.003175097,0.007922551,763997.7508,0.000170426,1,20877373.94,7.044826471,1,5.727345466,8257.590841,0.764146908,0.273352909,1603915.632,0.034208199,1002.010056,0.002100959,2.37674818,8.49618421,0.31622722,44280777.72,0.004668913,0.220968186,1000,6.381599867,3903.927916,0.332179632,1668.19959,0.000100009,0.392116556,0.011576158,0.016068021,1108.113255,12571.81293,45447.17891,59597.89353,78031.82962,45593.15752,6363.171962,16.11072446,0.124494123,3.956652233,0.093520758
15,33.2988461,0.000100028,4929.530636,0.004547057,1,4639.560369,372.9499901,1,0.000100136,9825.200915,6600.446876,0.03066819,0,12351.7465,0.229154183,1,2064158.917,62072.65477,0.002925888,0,15.14189325,99988183.83,1.00E-05,19036.67125,34454721.2,0.000186001,1667.789326,0.278960087,0.002460573,0.000207833,97.71132219,291905.0242,0.024009865,1,80241.06237,13.72923504,1,13.85971819,8438.785345,0.709621573,0.132769729,3774584.307,0.01025214,1044.268577,0.001814393,0.414886143,8.213592643,0.00235873,283736.1751,0.00049201,0.091865582,64709.13881,26.28423189,29139.22118,0.595547656,1558.083936,0.000100001,0.764651562,0.011585034,0.01373639,1108.816781,12532.26472,45443.1136,60041.13453,78986.51817,45620.73837,6361.905444,8.658230431,0.134933762,3.828593873,0.091276294
16,33.3186315,0.000100004,3721.385233,0.000305216,1,1079.001479,463.5535699,1,0.000100002,9982.585533,3481.964107,0.030867996,0,23141.79276,0.000100074,1,1375345.434,1795.753866,0.040002032,0,1.001550972,99942491.06,1.00E-05,19391.00061,24686906.94,0.000124541,1631.992355,0.284221463,0.002758823,0.002692945,9999.993783,8056.422988,0.046798181,1,4731427.176,2.341515629,1,10.0644517,8320.632101,0.71758929,0.143461561,33175720.23,0.000380463,10684149.34,0.001857159,5.681594362,8.049882922,0.001039044,2494922.904,0.000204034,0.014353164,851952.2613,59.08958774,1748.854062,0.011501913,68990.93329,0.000264938,0.679350334,0.011667513,0.000389553,1108.877828,12539.26989,45140.76762,59892.11365,79215.17756,45824.98062,6346.294475,9.707943386,0.140958321,3.847922257,0.086730608
17,33.45246894,0.0001,4064.061675,0.007242776,1,44362835.83,61.59279468,1,0.002640096,7245.570725,116551.5276,0.015518444,0,140026.9502,0.000883025,1,104095.2805,1000.000138,0.059085116,0,2.77636167,99968622.99,1.68E-05,938048.7736,27496557.21,0.001217755,943.1696994,0.620503749,0.316227737,0.000102234,0.000654274,127585.2973,0.00196345,1,671109.4744,2.802108645,1,5.612643269,8110.613571,1.050048116,0.100123354,274643.8067,0.054536969,30151.05271,0.05473707,0.335490703,12.86188908,0.316227759,84868.52221,0.507457388,0.012425477,1000.106201,5622.777134,7448061.431,0.022858462,1065.484362,0.00160282,10,0.008342641,0.006607358,1107.364942,12691.31928,45444.72503,68176.99262,53888.66688,44724.99596,6367.05278,1.784430386,0.093086088,3.667957374,0.087387453
18,33.52020169,0.0001,23524.10504,0.000115553,1,6042.969607,228.8154946,1,0.000141497,9923.63815,3693.601688,0.03270449,0,15230.57957,0.071433492,1,501883.4792,38768.78048,0.004210065,0,11.63469224,99950278.83,1.02E-05,17777.96472,30613907.1,0.000106559,1702.646422,0.268915967,0.00205234,0.003351969,0.006815327,1004.440233,0.000112184,1,156822.2498,71.71583181,1,8.062411862,8320.924855,0.727571502,0.140287488,15362362.54,0.022051551,391955.3349,0.002647979,0.656252453,8.121626441,0.001850604,78621.18946,0.000513437,0.195023591,50250.55931,35.97390969,30548.07231,0.158927562,3738.440561,0.000489398,0.764602564,0.011537157,0.061616752,1108.880356,12528.95559,45434.32497,59969.95183,78796.40069,45739.40492,6355.583224,9.090419389,0.121441829,3.854872071,0.089832588
19,33.53928969,0.000100386,1526.170062,0.002759573,1,15342.64371,404.4417026,1,0.000100202,761.7245624,5274.838046,0.033867467,0,40359.33205,0.001628612,1,733229.2474,17393.65694,0.016993342,0,3.249111879,95561273.77,1.00E-05,18494.16892,51440519.99,0.000138998,1756.44874,0.247815321,0.001039747,0.010630658,424.2466777,3192634.041,0.021225174,1,184761.5513,28.3729949,1,588.7943176,8350.35444,0.713190016,0.149222383,619094.6343,0.010080391,1826735.085,0.002754826,0.100330176,8.232923747,0.002377013,2074500.482,0.000729339,0.01685109,728001.426,35.73084525,51024429.78,0.036957149,3093.663547,0.000605244,1.002959029,0.011639207,0.002552301,1107.537628,12592.02566,45437.86009,59892.08882,79219.09742,45631.43747,6358.411926,7.598948392,0.094083336,3.832027085,0.087085442
20,33.63958421,0.000132794,5779.904996,0.000131455,1,1145.558468,15.59443771,1,0.034057331,36.90429388,230822.149,0.016365442,0,373873.3419,0.000100742,1,5351092.521,494981.5827,0.007562907,0,2.763330051,23336373.12,1.14E-05,94333.78496,99996488.62,7.51E-05,1260.899202,0.476066059,0.002901568,0.000124226,0.000558671,2260431.288,0.004964067,1,3070107.199,14.13712539,1,6.817215614,8020.758496,0.959996103,0.080909236,498946.4879,0.075549223,1398162.469,0.001603296,9.370296861,10.86797598,0.00411612,14546.01463,0.00046315,0.010009286,1001.338766,9860.652408,1507.034033,0.103104379,6882.47496,0.000100006,1.052399396,0.009059024,0.000965339,1106.327251,12783.13131,45405.82176,66771.99466,58885.38651,45274.20052,6362.134117,2.156485339,0.00386722,3.70678605,0.081512573
21,33.6885223,0.0001,35231.71142,0.003099292,1,11540.58755,216.4936438,1,0.000101118,6502.557033,9781.533801,0.044582228,0,67497.11961,0.017561615,1,3598664.917,106802.0232,0.00798253,0,8.835153922,99979771.53,1.12E-05,14306.63707,21401656.04,3.64E-05,1869.042513,0.189397028,0.001058904,0.003446207,0.128869285,1016.909606,0.000145698,1,15320168.08,9.339092781,1,9.789741402,8245.875437,0.735093614,0.115783624,5040.510921,0.037986851,139462.0934,0.000490223,0.10311591,8.256229374,0.029662843,12084829.57,0.000350046,0.011340047,553525.9296,9918.273958,1301084.041,0.002446368,1269.608116,0.000367134,0.755939989,0.011697526,0.29210804,1108.502916,12542.8278,45513.68296,60077.00724,78706.88417,45636.04923,6364.061824,12.58744831,0.050566237,3.907809191,0.083417152
22,33.71782085,0.0001,33509.47857,0.002934206,1,92894.18525,97.03389174,1,0.000270256,4748.780107,1159.917257,0.043969792,0,1858.888497,0.819641633,1,472228.6804,35860.53958,0.002698648,0,17.73135521,99950672.38,1.00E-05,15213.47972,97153309.66,1.33E-05,1700.673678,0.299423912,0.316204394,0.0055338,9984.419275,65230.966,0.004203129,1,1168850.481,35.91418372,1,10.53467277,8473.911227,0.733641297,0.222409355,9037388.663,0.000100029,399109.0539,0.002716846,0.101300302,8.384941945,0.31620933,732261.3805,0.000938735,0.010455518,570301.3899,24.44408696,63638.15792,0.014352261,114681.3271,0.000100026,0.521512749,0.011341744,0.00568517,1108.148697,12569.86664,45415.92353,59780.77074,78180.66496,45685.73854,6359.695613,12.49152179,0.115943827,3.950422535,0.092623759
23,33.78211292,0.000100651,212841.034,0.002362906,1,36387.59146,17.79884496,1,0.002773736,7906.691245,15296.82471,0.028671885,0,14633.03226,0.285592122,1,488689.1086,249306.2866,0.003012908,0,2.077355389,356545.9355,1.01E-05,25345.75427,98868990.54,1.57E-05,1235.882862,0.483663668,0.004041751,0.000105964,0.339390858,1194.641755,0.008625145,1,1893444.85,1.000178664,1,7.34325482,7843.681312,0.944524755,0.03762624,23911451.5,0.018688908,18196812.91,0.000692906,0.393902329,8.411716205,0.001209351,34606.16228,0.00023918,0.057868457,6037.35398,15.66114462,2894394.272,0.000696468,1663.567204,0.000100109,0.277066777,0.01021334,2.842087209,1108.777106,12532.42113,45532.44063,65086.53175,64946.83323,46300.30693,6346.966265,2.80064922,0.009262271,3.909968675,0.088041447
24,33.83039972,0.000100058,99960048.92,0.011724946,1,1000.006171,4.17984416,1,0.012671854,52.95743722,65097.00981,0.03655396,0,690212.9605,0.000688435,1,12938028.69,1000.506858,0.122282768,0,1.182223533,99776248.31,1.01E-05,4433591.236,14601718.11,0.009337102,753.7347529,0.664337304,0.202173104,0.000694876,0.092763977,7439.282312,0.002193334,1,5738.317976,50.40242012,1,3.778119497,8594.562616,0.972613605,0.099199703,1002.375816,0.003191748,147820.1266,0.001962763,3.732801535,11.17716597,0.001132835,7405588.904,0.000250273,0.494256512,2558389.182,6234.234296,3758139.787,0.001603269,12555.38689,0.000107832,9.602036887,0.008684909,0.365308317,1107.618345,12576.26471,45522.98064,68373.90434,55330.45607,45667.54654,6363.320825,2.162328089,0.097618594,3.836428601,0.08119903
25,33.88880581,0.0001,1910.198853,0.000114818,1,4956.771968,1.000004456,1,0.000715051,4048.166532,76805669.65,0.0001,0,4733.098907,0.66750593,1,820070.7086,43784.95826,0.001955275,0,19.17617878,98426309.16,1.00E-05,18446.54349,9245746.675,1.52E-05,1569.090923,0.334159753,0.316227766,0.000448121,62.05112218,3176.827621,0.085210535,1,70138.01652,1.328614617,1,557.7601471,8372.912641,0.748531422,0.19592043,46570.21468,0.000499353,22599.62069,0.001986709,0.101795398,9.23796299,0.011973189,99883591.54,0.000321935,0.010069192,9981946.779,9919.966145,16122.36355,0.008459965,3177.662216,0.000100001,0.726101793,0.011462682,0.001210216,1108.106647,12582.58492,45440.45277,60624.11755,78403.43855,44865.33966,6365.973992,9.13238767,0.154100382,4.100360007,0.089345057
26,34.0404053,0.000100007,1898.676784,0.042173194,1,17010.02923,9.475498605,1,0.002598121,9816.614127,1140.164593,0.044262849,0,38384.38353,0.000129715,1,18622.72285,99995374.21,0.000346633,0,6.047580054,43632335.5,1.00E-05,335929.01,13874201.9,0.001071654,1097.541422,0.610872264,0.314181181,0.00100906,1.274147179,5590275.354,0.005489939,1,16855.96303,242.1591759,1,457.0248976,8556.479024,1.002763304,0.13144005,61822.89528,0.020952027,135560.2934,0.000244298,4.08498925,11.11191166,0.001434062,98901873.84,0.000469422,0.644460237,1483.396773,9906.708174,34455.20435,0.000369807,3056.295767,0.003910708,0.232184842,0.008909263,0.000876351,1108.076948,12617.3741,45433.03088,68008.67599,55560.05667,45712.22177,6360.083977,2.286377581,0.079404967,3.882605317,0.090597462
27,34.09166738,0.0001,28193.94512,0.001372845,1,3378881.881,55.2103703,1,0.000468827,480.1491673,1000.96352,0.039291566,0,17733.16357,0.000107325,1,300828.1965,9055.531383,0.014419615,0,13.96151284,99999670.73,2.70E-05,9964706.694,43787523.16,0.000802009,918.5101292,0.652735758,0.261598176,0.001909322,0.095439956,32694.9675,0.000183507,1,125742.1987,16.8948955,1,3.521941427,8696.354998,0.996284018,0.181696904,417370.4523,0.000391625,646655.7595,0.001129062,9.953352707,11.04435124,0.001374156,12217286.26,0.000100043,0.244584951,2645430.522,9980.485086,1874496.311,0.007291903,1755.912013,0.000100002,8.165716427,0.008441882,0.644680279,1109.463196,12526.59309,45510.37248,68392.10329,53927.50031,45966.3945,6361.923756,2.225557791,0.002126063,3.965251134,0.073228677
28,34.12028116,0.000100269,183992.3558,0.000180591,1,164196.5017,183.9570007,1,0.000167667,8512.653575,9847.939911,0.036535672,0,15204.42393,0.472554954,1,2520849.337,54482.66591,0.002953243,0,15.9223791,58530605.92,1.24E-05,12148.41054,27661171.54,0.000241935,1754.933967,0.269675691,0.00106074,0.02956203,397.8749252,127255.0395,0.024700495,1,5481.131733,8.206896946,1,19.30636266,8567.300497,0.705828369,0.118024348,8299.748834,0.00033787,87236376.87,0.002160116,1.400434496,8.006307387,0.006638919,67645.04344,0.000313412,0.654570879,27634.04688,92.64417537,344198.1565,0.000780153,228812.228,0.000171699,0.48699336,0.011368745,0.010077839,1109.142355,12521.84922,45185.51432,59696.78739,78744.2589,45877.33163,6353.568404,13.52992347,0.1419888,3.862359994,0.094792883
29,34.12869959,0.0001,13236.20089,0.000103201,1,1808.91979,210.3339995,1,0.000139154,9862.119486,2218.123944,0.037964798,0,29804.35997,0.000107464,1,1431860.768,2248.877762,0.041378433,0,1.000312595,100000000,1.00E-05,20396.10035,94954490.98,3.02E-05,1661.001214,0.314889795,0.316227766,0.000260874,1811.688218,40138197.91,0.01614653,1,60109370.53,3.98640837,1,5.605335257,8555.054292,0.732241257,0.222808647,1372.450817,0.000196877,392065.249,0.002383581,1.112047629,8.281565975,0.001299434,1836696.211,0.000100084,0.012366972,517846.3267,207.9810517,8586.692489,0.000469883,125558.2604,0.000320137,0.63969405,0.011408043,0.00149241,1108.219047,12563.42959,45492.48599,59778.55874,77833.31896,45748.95412,6357.209299,9.485267168,0.136780008,3.972479768,0.090881781
30,34.17459922,0.000100012,56134.53507,0.00126617,1,653873.7608,262.6400002,1,0.000100487,3663.312434,5026.553624,0.040287785,0,11359.35233,0.595297132,1,2532507.324,100281.9892,0.002801719,0,14.50212186,99880951.28,1.00E-05,18446.12342,98918009.82,2.14E-05,1630.720347,0.337765976,0.316226739,0.005324719,0.007413005,1011.694968,0.000717608,1,1459459.474,41.29693023,1,6.257653044,8392.43256,0.764384338,0.146276998,22746700.01,0.02689017,646884.7158,0.002740865,0.394761536,8.413760199,0.001000213,11282588.53,0.000634603,0.072271312,5071846.02,36.11668821,48268.87535,0.016052306,58393.20865,0.000139759,0.393715434,0.01118681,0.012426513,1108.770672,12532.17411,45453.22262,59603.90859,77407.40706,45760.24173,6357.523732,14.61121866,0.138137712,4.010902454,0.096489065
31,34.32914267,0.0001,22910.08603,0.000134069,1,6740.687599,222.4193207,1,0.000112447,6714.627426,3733.027936,0.037968936,0,12278.67742,0.320445253,1,2222668.323,78423.68406,0.002874147,0,16.22507153,99996428.75,1.00E-05,19448.45113,88415052.67,3.25E-05,1673.783029,0.310722882,0.316227766,0.000102687,987.099132,11809321.88,0.016593038,1,121207.7223,1.017189202,1,5.885271072,8546.960955,0.732266451,0.163213977,54260.95461,0.017098801,223367.1382,0.002620739,1.627609886,8.243335162,0.013997151,581934.5601,0.000358088,2.109402032,239197.0119,58.20207792,22655.30744,0.000226337,302239.9578,0.000100011,0.669151018,0.011418402,0.001079549,1108.615611,12534.62282,45461.26749,59889.40798,77813.90672,45754.04658,6357.276049,9.17590765,0.130979661,3.949484757,0.095207042
32,34.356852,0.0001,21839.86955,0.000133552,1,6323.128096,245.6295203,1,0.000100087,9042.821537,3756.354056,0.037544084,0,13217.98912,0.279010611,1,2280733.491,78262.47355,0.00291999,0,15.99823161,99991789.32,1.00E-05,20090.52196,95613146.4,2.35E-05,1672.927884,0.31200101,0.316227766,0.000497815,0.127785998,35313.33952,0.002067375,1,303328.83,63.46060674,1,5.008935508,8556.974741,0.730887812,0.171254282,3777470.314,0.000137912,1013.673656,0.002360117,0.429800603,8.220267304,0.001020966,628445.7159,0.000152722,0.010041819,196191.7857,137.5928955,13564.76362,0.004696248,61361.01149,0.000100003,0.692171415,0.011417511,0.004962786,1108.636237,12532.80983,45457.95559,59867.90488,77726.17749,45770.84497,6359.81745,8.850119401,0.129908186,3.956428667,0.094907978
33,34.38309082,0.24397206,547344.1113,0.000100045,1,1003.773232,1.002846698,1,0.061220424,3.741766625,17605.85456,0.037047141,0,57560.10798,0.000177033,1,2355212.567,7715.616977,0.033605833,0,1.621533943,48162201.46,1.06E-05,12078.39449,37774808.38,6.70E-05,1587.265293,0.254411292,0.001815907,0.005393106,0.010272393,19980.46218,0.004089056,1,3076301.378,4.443284115,1,7.431690248,7805.129264,0.770365267,0.005487776,18224.41137,0.003099688,5214.489412,0.016567548,0.488543107,8.681989215,0.001810494,1024.63942,0.072479899,0.016369989,127695.5403,9812.401722,6369665.41,0.006587703,76480.69749,0.00040162,0.733725179,0.012434166,0.000102292,1107.422135,12583.93076,45731.50774,60279.7913,80002.86134,44952.33235,6369.294353,11.31323999,0.078767242,4.063617641,0.077901493
34,34.42535452,0.000100002,71365.44366,0.003694719,1,443591.2388,241.8830466,1,0.000100471,3748.828561,4883.689341,0.039134671,0,9070.447626,0.867051093,1,2159834.43,67334.05975,0.002657923,0,17.49081676,99777341.9,1.07E-05,18168.45929,55974226.39,4.14E-05,1684.881028,0.305874231,0.316225946,0.000774892,9682.93976,4029.734746,0.116787344,1,433069.1923,3.373345002,1,5.895789509,8555.487675,0.729134705,0.168780753,7654952.144,0.000522881,21849763.97,0.002582825,0.10109386,8.248907621,0.001005359,713225.283,0.000189857,0.010030362,282548.958,103.7536276,7633454.653,0.444132383,22605.05458,0.000100007,0.5396729,0.01138963,0.03294125,1108.903464,12531.47061,45417.44825,59891.41722,77904.88844,45786.16616,6356.026658,11.28893572,0.143286855,3.938935416,0.096175198
35,34.53255637,0.159471864,544018.2637,0.0001,1,1001.577385,1.066977646,1,0.106895545,3.493070025,46381.67624,0.026790158,0,110256.7077,0.000101121,1,2077309.131,19955.7406,0.02421744,0,3.463223972,3138083.967,0.000141226,1455689.368,96195064.46,4.18E-05,1214.511272,0.49775554,0.001734995,0.000198366,0.05938119,1872804.697,0.001522434,1,3605679.992,19.21421872,1,4.571494209,8009.029623,0.984674252,0.003268471,5062036.823,0.008162339,448868.9142,0.041168863,3.805515928,11.54332677,0.002275757,152563.4918,0.978010697,0.020514127,1560.192874,2387.004402,139046.0993,0.058380107,27744.31969,0.000100093,0.068453442,0.008795983,0.000192957,1108.064344,12657.01399,46135.32454,67166.35646,59238.64008,44824.17964,6367.511236,2.408944443,0.004280886,3.794800735,0.092064066
36,34.56549067,0.000100148,33014.25033,0.001982625,1,1972.980123,96.28191287,1,0.00049436,613.9204356,6222.129704,0.0323827,0,48734.60944,0.000625795,1,4253512.271,3571.566576,0.038889103,0,1.199415619,99918682.75,1.00E-05,23428.64922,40583303.88,0.000251003,1677.056252,0.267086668,0.001778658,0.001999349,7883.318805,22566.93926,0.00117878,1,37499393.18,65.23664681,1,56.77358515,8467.09768,0.699934306,0.106650877,1385703.934,0.000272763,52810.43685,0.002661767,0.414358059,7.803705115,0.004689387,41816.41238,0.000583097,0.068844153,92370.63943,31.23826394,230702.0003,0.000286406,16905.91885,0.000140212,0.892212698,0.011844887,0.014946157,1108.084475,12568.59986,45368.86974,59987.04378,79663.7544,45872.649,6355.925675,7.882408716,0.134152858,3.847106685,0.089149147
37,34.66585327,0.000104297,5027.272309,0.000408416,1,1111.728783,19.93281289,1,0.027682294,27.20128245,520630.8636,0.016158078,0,1062573.425,0.000112212,1,14507546.79,1016714.811,0.008335612,0,3.381317094,18139299.85,2.81E-05,150659.6867,96581796.64,0.000121362,1508.721294,0.363619956,0.225048307,0.000109706,2.32118449,133604.8488,0.037374995,1,17609.87,9.392587509,1,5.366011882,8101.176608,0.908268097,0.086898854,607323.3515,0.00319153,5520.717824,0.001418522,0.355200812,10.64149046,0.004309163,23508.88546,0.00063937,0.01772006,1014.294756,9343.484511,1010.012619,0.594968729,7689.167648,0.000100213,1.4286561,0.009258018,0.000770585,1107.421294,12802.0291,44644.11827,66878.68728,60403.72477,45258.24926,6346.036125,2.11079487,0.018918729,3.682650972,0.077173094
38,34.66901391,0.000101331,88672.39935,0.000469343,1,8540.350407,82.82907665,1,0.000964455,76.57353383,18248.27134,0.036418423,0,98531.00215,0.00026652,1,52361842.5,11052.65744,0.035031897,0,1.31945986,97604344.7,2.24E-05,50788.27939,20889266.47,2.80E-05,1638.652557,0.274880652,0.001148281,0.000782564,1.012406695,1323.89853,0.010221567,1,3637.698743,26.84069086,1,4.919948174,8114.33512,0.747506201,0.047750939,3267.781276,0.002764136,5454610.699,0.002172643,0.408189945,8.217667121,0.31622259,1109.326404,0.002191982,0.010584136,921064.3009,7.258946775,71627.72705,0.033827172,85978.85159,0.000100005,0.21947673,0.011974725,0.016799615,1107.951628,12588.97149,45381.11059,59594.06359,80120.66772,45514.96572,6359.949101,31.23644923,0.122969122,3.998406649,0.085127604
39,34.68470405,0.000100027,46293.71461,0.001309905,1,216199.1738,198.8954692,1,0.000115591,9991.964445,2102.432784,0.04110193,0,14052.28696,0.163656847,1,669136.4686,55505.74549,0.00348199,0,14.69701272,99790911.61,1.00E-05,16328.40937,63863619.69,5.27E-05,1725.90235,0.289965901,0.315788762,0.001023287,235.7413358,179155.2255,0.026353249,1,7698806.424,1.259676072,1,13.03282909,8657.365039,0.718525822,0.154246085,3236399.311,0.053735504,94467373.34,0.002719026,0.52517433,8.287748624,0.002809758,367442.4769,0.000775032,0.01001098,142205.5839,27.6872811,110226.6275,0.009015845,31583.5054,0.000430669,0.610226087,0.011400668,0.0195007,1108.75395,12526.78605,45398.93761,59896.11445,77863.09633,45763.74848,6356.63288,10.67366234,0.124099194,3.955112398,0.093117528
40,34.97989259,0.000100102,21366.47554,0.000502685,1,3890.338759,74.89690991,1,0.00017114,9944.850298,1840.497534,0.071392538,0,11901.78553,0.081340107,1,7726967.579,79234.35921,0.004693696,0,22.43934987,78355204.79,3.37E-05,15164.8874,4217474.933,5.40E-05,2002.626321,0.121406511,0.001004372,0.00018924,1.951022689,20910.59545,0.030308461,1,1584624.586,1.103411688,1,5.490667566,8301.242292,0.730753274,0.162123182,1008878.484,0.006895911,4056148.438,0.00319763,7.975168176,8.371866802,0.02900586,3582698.154,0.000256238,0.050590599,5557004.52,106.7185142,21112.44932,0.082446321,40747.23932,0.000201331,0.163259563,0.011563865,0.009776543,1108.580232,12548.64635,45395.79749,60030.30916,78490.23692,45578.71007,6361.347788,76.0073078,0.0047894,3.902253511,0.080797605
41,35.02434043,0.000100159,1750.723535,0.001251635,1,1578023.222,15.67664522,1,0.005201062,12.13471414,4575.599249,0.026412032,0,19339.24387,0.000200708,1,287215.3389,6821.900017,0.015325223,0,12.68247895,77655313.98,4.18E-05,6532755.737,58094497.56,8.18E-05,892.5382973,0.61816096,0.264105523,0.006981608,0.000213069,19123051.3,0.0055957,1,12707.66215,40.55134935,1,3.805233102,8308.562861,1.008571173,0.116910682,3654601.011,0.013904499,99921816.37,0.002792305,0.100466149,10.79779306,0.001150456,817730.6572,0.000260366,0.010002508,283434.3682,228.6234584,83190608.31,0.997168633,7688.335029,0.000100268,6.490288783,0.008792549,0.010710425,1108.366345,12687.18434,45054.46946,67901.10001,54451.00125,45856.67484,6347.870086,2.0867176,0.018603909,3.841326258,0.069111405
42,35.05876931,0.0001,55088.18578,0.001040596,1,22879.65861,53.24406439,1,0.00023524,9998.882618,2808.977367,0.070201071,0,22123.59197,0.06415555,1,17964439.85,91895.06727,0.0053147,0,20.77626184,99976157.27,3.03E-05,16812.85703,6353718.213,2.38E-05,2011.019677,0.118465358,0.001007241,0.000346255,0.000100703,17135907.53,0.000154901,1,68438.15452,29.29419512,1,6.185690694,8257.600918,0.737030516,0.165269331,82976522.53,0.052669598,1103244.853,0.00508083,0.107520363,8.414151357,0.003153674,184647.4056,0.014094446,0.011571763,610992.9934,2.309493743,980463.0243,0.350969494,37611.2996,0.000100043,0.260144106,0.011569605,0.032503979,1108.689489,12529.92236,45406.21592,60129.24074,78245.77023,45538.16538,6362.88831,47.22679026,0.023351069,3.885812938,0.082504107
43,35.06529006,0.172457803,101662.9295,0.000100282,1,1002.145845,1.164002947,1,0.081782816,3.302468623,56750.28933,0.038321023,0,18831.25568,0.532207696,1,13499459.49,69037.95047,0.003330291,0,15.24087391,99953470.98,1.01E-05,14110.14998,48748381.36,7.83E-05,1521.031436,0.272713558,0.316223055,0.00017683,0.239558376,13446471.94,0.01249477,1,33742.77142,1.070978864,1,5.703370172,7840.036959,0.777721974,0.004413927,631314.61,0.000276126,85874485.88,0.01502346,8.267150998,8.889165253,0.315647265,139606.1048,0.046997826,0.413537388,9999975.823,9602.662827,541650.4646,0.002025039,53070.34,0.000100027,0.218211834,0.012316702,0.000100042,1107.168369,12577.99159,45844.47884,60587.24432,79530.32551,44857.06972,6372.360398,35.66782359,0.093299877,4.060008941,0.083930836
44,35.10345016,0.000100003,988138.0662,0.023605025,1,189645.1934,8.740291155,1,0.006058449,2522.894326,48490.73534,0.0305176,0,31085.50879,0.340047104,1,907816.6631,461637.5952,0.00341275,0,1.870592678,10564141.51,1.00E-05,40498.82751,9878927.54,0.000284257,896.5790362,0.590564925,0.111800498,0.006226844,0.000528577,398605.7874,0.003806909,1,49330.61048,106.9066818,1,2.997242968,8413.144728,0.943697164,0.0267078,45869.94295,0.012168528,1000.327251,0.000252598,0.120899031,9.127297156,0.001931355,237807.2058,0.000100091,0.335728539,9705.29074,54.36749835,1223.871411,0.065254888,1562.14391,0.000100009,0.438757921,0.009716968,0.032094427,1109.08377,12530.00228,45395.32085,67270.06541,58606.53968,46151.1726,6365.375526,2.546702473,0.003216828,3.901924125,0.083728513
45,35.12717274,0.000100002,879553.1737,0.000102439,1,2268.683383,1.00000943,1,0.000406857,3313.994246,99999806.58,0.0001,0,66787.70496,0.000103135,1,834916.6848,1000.000023,0.068428005,0,2.0667559,99946750.78,2.67E-05,1888995.268,17215101.59,9.13E-05,863.023616,0.642899962,0.316226703,0.000100056,60.24661212,1018.062358,0.013711915,1,2734.689795,1.000273412,1,5.154643566,8613.87331,0.968559644,0.120476602,1000.198249,0.017634796,1000.425816,0.000448787,0.598657538,11.48344197,0.001251979,4646862.158,0.000111713,0.012931392,297992.518,5930.45507,223467.3711,0.002939267,1001.182523,0.000153383,9.851936955,0.008654969,0.384542292,1107.320576,12683.06622,45528.28802,68133.04518,55626.39047,45454.07247,6365.788129,2.130807889,0.117334178,3.98488327,0.073326534
46,35.17939353,0.000100361,12586.55796,0.001145779,1,1524.239423,287.6328338,1,0.000193702,7385.037926,5219.724845,0.032666096,0,37941.74929,0.000100105,1,3235397.533,2895.104871,0.039338454,0,1.063371631,81752787.58,2.53E-05,40243.26143,9431294.364,1.14E-05,1559.606189,0.290425984,0.001810109,0.000415659,0.001459723,480995.5628,0.001142167,1,923274.1579,1.375476421,1,6.941249737,8070.544193,0.758620178,0.018927542,17179024.14,0.086769621,1000.003132,0.001194625,4.065236629,7.40256194,0.001093425,136496.7654,0.000177897,0.016750327,35354.80449,73.51790454,10547.05692,0.015199499,804538.7752,0.000457834,0.300262959,0.012236948,0.000151599,1108.794875,12560.86969,45335.07933,59998.81459,79719.69528,45989.11582,6358.161866,22.59374849,0.1484641,4.039757259,0.084930611
47,35.19344438,0.002281497,393321.1316,0.000129572,1,1000.036266,4.352830741,1,0.024070441,17.8129804,23971.34266,0.036980266,0,131848.3138,0.00042564,1,2371024.655,1331.26229,0.088520405,0,1.822550791,35804846.81,4.34E-05,7787160.393,25881288.86,0.000192018,847.4175812,0.650131606,0.004271105,0.001881081,2667.368327,6742327.283,0.021524003,1,60137.24938,1.090154972,1,241.2318625,7947.336098,1.098217652,0.003106078,14334.66375,0.025165222,62023131.55,0.004669311,2.57553016,12.04072507,0.134258892,177762.5616,0.001453162,0.214412366,57700.92296,201.5703593,46458.33808,0.142612263,10814.59475,0.000100014,0.133261393,0.008643806,0.00019477,1106.051808,12638.71265,45454.05677,68588.41864,54143.77472,45390.87869,6364.756159,2.120348952,0.065228309,3.88582636,0.082359756
48,35.24261603,0.000100058,1006.653041,0.014755155,1,3363.822956,48.00054186,1,0.000683154,9727.269535,1002.501405,0.041547283,0,9102.339084,0.000621132,1,22828.83242,99999905.59,0.000100008,0,689.4697237,93675525.92,1.00E-05,8111.476793,4583184.6,0.000877042,1878.270208,0.177632558,0.002400413,0.02289615,0.004896631,85305.26373,0.134663063,1,7888654.397,83.43117308,1,891.6925743,8183.118684,0.738246472,0.165894222,28580.30769,0.000450171,1382.616769,0.000381948,1.225802549,9.006487902,0.014602586,13115031.26,0.000100903,0.913491415,441450.2631,9981.799451,183666.3012,0.007699033,5202.986272,0.015080073,0.41611131,0.0118289,0.001101839,1108.476244,12456.70272,45534.83424,60574.21853,79072.87326,44968.61274,6367.057472,23.31180599,0.119954999,3.895019892,0.087071573
49,35.32125005,0.000100006,10836.08268,0.000847255,1,1228170.071,55.61308792,1,0.000598356,8636.761959,15243.34538,0.043648925,0,1234914.955,0.000366188,1,14486021.65,1000.042069,0.161865102,0,1.000894253,99999081.27,1.01E-05,9999079.929,17799377.34,2.80E-05,881.2528002,0.651242265,0.315783255,0.000148899,3776.872029,1216.56086,0.018038007,1,19278334.43,2.215000385,1,3.772129509,8602.23059,0.989083335,0.113111789,2503.24098,0.000129628,13987337.69,0.001367849,0.516937059,9.682283639,0.001352099,305965.2047,0.000105968,0.03764668,85680.35752,311.5278013,30442.99385,0.983087011,336440.1826,0.000187594,9.544611747,0.008862222,0.000994019,1106.571243,12594.73633,45446.11258,68461.86251,56272.43264,46273.06426,6356.347179,2.255287776,0.109130974,3.912532274,0.086504763
50,35.34647196,0.000100033,73725.59904,0.000669799,1,667646.0286,285.5564669,1,0.000132042,9329.090583,3141.409408,0.035010101,0,42487.12457,0.000702791,1,648698.9426,3536.808943,0.035688693,0,1.23804135,99992811.59,1.06E-05,26250.38637,87380728.27,0.000168068,1576.552255,0.327825898,0.316219742,0.00064495,2440.849376,4496.968029,0.163576047,1,27529367.29,4.582102289,1,4.288790379,8185.323344,0.767594599,0.00433978,8704756.359,0.001394705,49186899.77,0.003055211,2.281047873,8.079548086,0.001000001,634320.0075,0.009215351,0.015953175,6873.293352,1.888421777,851401.1648,0.376025234,22567.13776,0.000848685,0.741168853,0.011729273,0.041155516,1108.150228,12565.09655,45406.48775,59998.04232,78306.56435,45782.45319,6358.609872,8.228753447,0.13974493,3.993610541,0.095211413
51,35.35448639,0.0001,7301.677044,0.001581204,1,85241.14603,62.83903542,1,0.000636989,9771.489507,28150.57758,0.041030832,0,1009638.191,0.000262009,1,22386087.14,1000.002372,0.171667735,0,1.015779909,99463381.49,1.00E-05,9907451.614,17545127.96,0.001761541,912.5032712,0.630440638,0.187643471,0.0001,0.000106732,19810640.18,0.002086699,1,46319.98499,9.740547039,1,4.730300512,8837.172858,0.932177624,0.126235719,802781.3786,0.087096848,1000.00053,0.000265919,0.234854922,10.81413334,0.001082702,619692.5571,0.000100158,0.199573047,21235.02174,24.33077934,21927.29957,0.681600193,77378.87299,0.000100024,9.999908012,0.008977949,0.002239485,1106.772654,12617.36887,45256.72051,68242.16555,56757.27681,45560.8754,6370.874353,2.255478943,0.110825399,3.80325888,0.089800582
52,35.36014962,0.000100025,3642.739038,0.018335016,1,1002.210504,11.21615107,1,0.052469826,132.4849725,720397.2727,0.009159906,0,806063.1177,0.000120383,1,3244817.832,759586.6443,0.006155286,0,4.513864313,71023217.03,1.00E-05,117611.9553,95735034.91,0.000281189,1201.367918,0.529512089,0.316226659,0.000289513,0.006613375,8153785.831,0.002137557,1,128639.2857,59.29835831,1,31.27577715,7968.720236,1.030366428,0.219080796,70451097.01,0.011889279,37267.45622,0.078114026,1.545566942,12.31295465,0.312365003,1000.006171,0.003320146,0.024588665,5904601.058,665.4023188,18830.6868,0.003021133,1000.348718,0.000168804,1.876260562,0.00869085,0.002443617,1106.348267,12884.23419,45366.41382,67430.33076,53839.46802,44774.25826,6363.941958,1.70675754,0.001780274,3.611391404,0.074403078
53,35.40146468,0.000100068,49305.15518,0.001048298,1,5034120.188,73.44187398,1,0.000212625,7893.114811,1035.025548,0.064303427,0,8597.424883,0.101120759,1,342280.9037,44332.73961,0.004682949,0,18.86339852,99825892.1,2.69E-05,17747.71761,7396361.001,0.000154948,2007.389924,0.146366268,0.001016455,0.180860693,0.008310591,54861.89694,0.051070643,1,16093513.92,57.21347019,1,35.28282657,8282.804867,0.733286703,0.149423643,2592921.149,0.003132246,1778281.048,0.004580464,1.544309774,8.137736626,0.016159533,223293.4223,0.000434798,0.023071875,342410.9306,200.4367213,3388551.886,0.000840565,12869.34371,0.002404129,0.2035734,0.011451981,0.07106246,1109.14496,12517.46887,45376.65415,59764.888,78568.9429,45773.18261,6356.651762,52.97701692,0.045708926,3.89273778,0.085143479
54,35.44242864,0.000100963,424964.6251,0.013670092,1,70726.15199,29.56675482,1,0.002407047,9841.639891,32241.85125,0.026974786,0,27637.16937,0.297073098,1,970541.4097,403267.3209,0.003052003,0,2.064026329,1024825.941,1.42E-05,41685.57438,88537660.07,2.24E-05,1025.548751,0.516714278,0.011771466,0.00011726,1.847478696,4891017.537,0.020426315,1,186817.3038,1.000029352,1,3.57529232,8416.732603,0.860668191,0.00621007,1007.323556,0.013783489,1000.127686,0.000230375,0.315301091,8.273823135,0.002596326,2565804.722,0.000100642,0.022983673,96384.16737,38.08549548,25357.59376,0.929236566,84998.64255,0.000100046,0.327846952,0.010724662,0.006980736,1108.938956,12536.34773,45352.64808,65395.67698,65100.52486,46041.2483,6368.9679,2.789911095,0.037979043,3.908492978,0.091038193
55,35.44523189,0.0001,11077.67348,0.000465044,1,3271.797302,12.67965771,1,0.002464832,9997.818078,1000.129068,0.036841132,0,13936.42397,0.000363424,1,15544.97364,100000000,0.000153708,0,8.825344354,16309221.84,1.00E-05,137982.9577,3467179.61,0.00108089,861.6316433,0.633426663,0.210302788,0.01821709,0.003426314,413251.5679,0.000158396,1,33333.05125,51.92353238,1,3.419049591,8540.622574,0.965235531,0.104076687,22378.23499,0.004155622,672416.5747,0.000508209,0.136282192,9.639121843,0.001786097,4163726.552,0.00011288,0.107203109,391535.6126,9993.067708,367070.3704,0.00559252,1000.280379,0.001999923,0.215584369,0.0091028,0.358283889,1108.369535,12592.74358,45508.18868,67799.40928,56971.66212,46201.61853,6355.760886,2.398163231,0.089095297,3.925541021,0.087266229
56,35.48722723,0.000100007,972156.4233,0.03441191,1,240965.0243,6.940870475,1,0.006468159,3044.073049,46716.21946,0.033318136,0,33855.69238,0.374519565,1,1006701.95,553285.3996,0.00336135,0,1.841926728,10729846.52,1.00E-05,41019.479,5768666.87,1.33E-05,953.8428751,0.587675939,0.240719953,0.003631575,3673.261526,107588.5216,0.000490529,1,60019.54793,66.6171195,1,51.25673398,8350.294643,0.970712205,0.00401292,3045025.683,0.000765152,4359832.957,0.000656651,0.768166777,7.675260598,0.001021685,4633987.735,0.000320135,0.093421535,904052.7467,2563.59526,3339445.576,0.004562479,1015.594336,0.000100011,0.425138925,0.009484136,0.035957397,1109.051491,12542.17829,45495.41385,67467.24403,57978.54602,46728.557,6353.737379,2.563487063,0.007034195,4.009309472,0.077915966
57,35.53487654,0.000100421,202737.1841,0.000477324,1,82145517.51,13.70075972,1,0.002019817,9970.865547,4904.638354,0.040608193,0,9446.585072,0.297884132,1,325553.4484,206471.0898,0.003050964,0,2.443377892,5218895.129,1.00E-05,17333.8678,99998374.39,1.00E-05,1376.825085,0.524302671,0.316047108,0.007215383,0.003388378,185308.9222,0.001657514,1,23505062.48,177.4013171,1,3.002588245,8479.785369,0.980184273,0.106794624,93421.30077,0.001321166,80379.02613,0.000672337,0.792934839,8.855002946,0.001382589,3868858.089,0.000245238,0.172520219,563062.4685,9992.575539,2110704.616,0.000276468,6399.112126,0.00010004,0.24382282,0.009043166,0.875463976,1108.235327,12574.46829,45505.33753,66457.82442,58085.22286,46442.51393,6362.656974,2.880212759,0.001100959,3.9917666,0.088968789
58,35.66493402,0.000203682,1050.320713,0.03803641,1,2948751.06,12.5682083,1,0.001060962,4167.442247,2747.523148,0.062512538,0,17353.3062,0.489827518,1,1154520.158,636006.8014,0.002820933,0,3.580691704,116197.6942,0.00245137,37487.34042,76326783.31,1.55E-05,2138.191555,0.10000627,0.00191095,0.232170967,0.00472236,520895.5533,0.000287742,1,190828.2467,18.02278658,1,202.354795,8185.764951,0.913913894,0.126733302,46843.77001,0.076115965,1854283.654,0.001968655,0.511120888,10.91032179,0.004128236,23381.02897,0.000226019,0.053250636,3574.566245,8977.103865,86597204,0.04524735,1435.894394,0.000100122,0.139137979,0.009469814,0.001852707,1107.485452,12603.29524,45434.05192,64797.25227,64035.34888,45100.91782,6364.283101,4.696470838,0.003244622,3.938133733,0.081660507
59,35.87949965,0.224407727,2654442.487,0.000100004,1,1019.852136,1.001228,1,0.103827854,2.244422222,99006.23374,0.04391997,0,231583.3809,0.003237558,1,108248984.3,174788.1517,0.015651,0,7.034552707,99902530.75,4.19E-05,47302.9047,13769234.62,2.25E-05,1821.104678,0.144088191,0.005795636,0.008519965,0.000103664,55339931.85,0.005135863,1,84312.84032,33.01572055,1,31.6465783,7497.186423,0.804905281,0.01483045,81979706.66,0.006302416,14023.01989,0.042427,4.85498153,8.95430912,0.079027527,1003.036068,0.048947311,0.151799601,45718.65128,9179.047135,7962191.525,0.001445988,3917.140869,0.000129265,0.305630283,0.012549535,0.000654803,1106.860323,12648.85896,46274.5176,60383.40791,80153.93721,44723.63454,6369.997912,41.06314986,0.004258704,4.199426041,0.056827594
60,35.97653105,0.000100342,99600920.01,0.001791921,1,1008.533596,3.297815311,1,0.010082388,70.65181613,22279.84525,0.033896681,0,155076.4105,0.000945887,1,4203865.378,207422.4693,0.009270455,0,3.420539028,552970.8781,0.0006578,55414.98372,100000000,1.03E-05,2027.352281,0.166788226,0.015323837,0.00018899,0.000617338,81718.74532,0.001206524,1,43453.4637,29.90818718,1,998.3606842,8240.848308,0.872647221,0.149276344,8167031.864,0.011852172,11693389.61,0.018388743,0.306815093,10.95184478,0.010621426,1199.276711,0.000946453,0.012838398,1008.379528,9084.10154,26901.30076,0.001676408,1000.01347,0.000100151,0.522200881,0.00967049,0.002762402,1107.879305,12566.83289,45392.5583,64655.81047,65396.70545,44836.96731,6361.834105,3.016132873,0.00401728,3.857944716,0.076556364
61,36.00905874,0.062936313,4759154.787,0.000112869,1,1005.04614,2.803737691,1,0.119510791,3.532664141,260838.3774,0.024947125,0,316361.6194,0.028029224,1,8425430.296,1052745.976,0.004872429,0,2.28842888,11420745.14,1.67E-05,132667.7519,94350094.61,4.70E-05,1132.682107,0.492123643,0.248855183,0.001528139,0.000947234,55717593.43,0.000443631,1,1943369.086,48.82828941,1,7.437669395,7211.03461,1.084975197,0.002241444,99474418.72,0.023609599,37439919.82,0.016614226,0.100016428,11.30850827,0.299420389,16402.95525,0.052439262,0.010127407,28615.63845,2946.230018,16517170.05,0.000515423,2612.95969,0.000100085,0.50624118,0.010077464,0.029194192,1107.706489,12595.78967,45850.30933,67082.75806,61111.87237,44638.583,6366.962911,2.700244126,0.007595167,4.053271453,0.078374498
62,36.09071448,0.218617663,179291.0167,0.000100001,1,1000.101434,1.000676301,1,0.098925854,2.337998354,95265.83097,0.044768971,0,251790.7318,0.000176873,1,46657565.03,125688.2328,0.020748399,0,5.265983864,99988414.06,2.66E-05,30228.22248,13169120.45,5.14E-05,1827.552829,0.142932971,0.005945458,0.000350798,0.001360964,431322.099,0.000165562,1,42268024.45,12.24688895,1,40.39666288,7644.318084,0.788424242,0.008379047,34503341.77,0.024552499,52665.96546,0.019900507,0.535607379,8.851471982,0.263155836,36700.62329,0.049691514,0.412753096,3569062.802,9490.274406,1984425.824,0.000358874,23100.57446,0.000194598,0.515567917,0.012465928,0.0001002,1106.922334,12592.41796,46704.77562,60402.02239,79946.32965,44822.54274,6369.939096,25.17976833,0.00465586,4.15641691,0.064024946
63,36.13434296,0.00073634,1000.004375,0.965088012,1,14157236.59,43.93245977,1,0.002434126,2.69614197,14835.51374,0.041836696,0,2085.870875,0.999802763,1,3898891.952,69777.44611,0.003164925,0,29.67839427,12102492.16,1.08E-05,1769.69804,3769930.987,7.12E-05,1761.268752,0.197332938,0.00110394,0.01937462,0.079783672,1319413.095,0.014664076,1,71283819.2,2.584266793,1,10.87836308,8229.409242,0.713524275,0.02689755,1025.580796,0.000289016,6496.508335,0.005361121,9.070304311,9.093871266,0.002920933,1820.131727,0.012452897,0.010132196,29046.03792,8931.911062,99980924.9,0.000120539,144873.656,0.000100027,0.101210419,0.012173396,0.000259914,1107.588556,12560.40028,44168.94134,59801.89967,80009.40671,44586.12097,6377.048794,99.73513503,0.00488424,3.988826588,0.071545055
64,36.14817874,0.000101788,22580.88921,0.000119165,1,83982.37457,11.84276141,1,0.001804918,9978.407138,5487.231462,0.047829081,0,9963.884394,0.805963307,1,314475.1841,415220.3403,0.003051854,0,1.928642399,4805610.413,1.00E-05,24708.51188,8289285.922,1.26E-05,1343.165073,0.539781107,0.282228612,0.000109095,0.000449044,21027207.96,0.035475374,1,92225799.76,1.195453616,1,3.514387293,8802.094563,0.949584463,0.085903484,16476105.34,0.063090414,12289785.7,0.001361171,0.161671352,8.614257506,0.002456394,32953178.44,0.006242717,5.790826991,7279.356515,1.847990226,46364.04301,0.000164386,2201977.211,0.000100038,0.228951688,0.009895296,0.000289844,1107.960328,12582.10253,45435.30733,67503.70964,57357.82043,46414.56237,6356.519154,2.667271288,0.005068926,3.910916107,0.095179016
65,36.22692841,0.000102041,56727.76457,0.00613044,1,124505.3289,12.51825287,1,0.001612597,9102.471126,5969.467059,0.04908568,0,10191.79994,0.846106157,1,346809.6155,514177.8453,0.003034845,0,1.98294576,6897354.853,1.00E-05,31778.80265,99974175.24,1.37E-05,1413.284676,0.528715098,0.316216505,0.000102443,39.81256512,45223.66236,0.030507079,1,10708.88833,1.431506594,1,3.888754601,8499.422339,0.997763012,0.013708699,5190.312897,0.041728258,49873703.61,0.001552483,0.73243972,8.061394988,0.001001012,658688.1039,0.007447616,9.67878398,13432.00671,4.771095932,438358.7804,0.025266019,13864.68605,0.00010032,0.198845914,0.009864495,0.094423716,1107.955735,12583.42659,45386.30215,66954.36107,57760.75216,46541.1907,6357.851794,2.809145978,0.004094989,3.963989533,0.097723981
66,36.23030026,0.0001,666301.1763,0.000105544,1,1000.145142,10.05020615,1,0.003700833,245.6782783,52564.959,0.037175645,0,50497.95372,0.996445808,1,6674481.905,75549.90455,0.002711166,0,19.08615867,99998894.77,1.00E-05,19472.2228,36462984.26,0.000132305,1698.565583,0.290140283,0.316227714,0.000100953,729.1877431,80027363.63,0.01737917,1,121055.9081,1.866829495,1,3.89573281,8292.39517,0.760466023,0.002842692,434044.0628,0.013879424,159274.9766,0.002827515,0.445567902,8.228287107,0.001638817,5603.227037,0.00033785,1.89520773,7489.440589,53.96589947,11713.40771,0.010356838,47413.93282,0.000113055,0.892682688,0.011996816,0.004181148,1108.402534,12515.665,45417.60825,60185.51208,78198.51575,45671.8391,6357.51773,7.527605935,0.145014581,3.953493718,0.101735399
67,36.26764781,0.000108027,19821.44446,0.000299606,1,2104754.613,118.7788374,1,0.000266506,8771.323525,1068.636097,0.041394439,0,18953.66237,0.000913253,1,139190.3991,1281.659202,0.04008287,0,1.222153005,99534387.89,1.01E-05,17792.53833,87718064.42,0.00026849,1660.27061,0.309403235,0.315831192,0.000907358,9935.248405,42025.15849,0.052754386,1,11202.57758,126.9655768,1,46.7082999,8704.277535,0.717385328,0.005673745,1971889.661,0.021132746,43188364.69,0.002268641,6.485611349,7.94284102,0.003045057,168958.1906,0.000840851,0.02502487,60986.36378,41.40606409,7332380.436,0.000901297,3106.945677,0.003001428,0.482502613,0.011613225,0.099299598,1108.791429,12544.04635,45417.07177,59891.53444,77994.83794,45899.37903,6352.864465,13.10418634,0.140643064,4.037913767,0.093727594
68,36.41608498,0.000292834,44155639.6,0.004419694,1,1001.73399,12.63392225,1,0.001959925,818.2780282,48534.82075,0.051200737,0,873879.6378,0.030281521,1,4952334.603,1224.794846,0.011573421,0,27.3507985,99966885.1,1.01E-05,9561114.519,23713163.73,0.000524974,936.432375,0.644434197,0.266745978,0.000669542,0.020124161,688829.7251,0.003996395,1,391952.0949,9.202666337,1,3.480471709,8566.1,1.01027085,0.00255958,155794.1335,0.024611793,16033986.37,0.002096031,8.650468818,11.24228886,0.005923418,11816622.19,0.00040255,0.049340507,4265007.606,2716.326559,2788349.573,0.005147374,11768.45633,0.000398898,5.265401272,0.008549393,0.209252325,1108.10134,12561.7209,45518.39288,68326.63613,55166.79961,45646.30838,6364.406491,2.230948223,0.071074611,3.911742891,0.094802958
69,36.43102623,0.000101139,273545.9379,0.007960141,1,1303258.272,29.83942087,1,0.00319313,824.005537,14420.94133,0.02649841,0,10010.03763,0.285255371,1,341290.6182,190376.7594,0.002816302,0,2.618052613,2160873.632,1.43E-05,15457.10688,11993183.26,2.93E-05,925.8006045,0.548420765,0.002544664,0.001845371,0.000394193,19483794.93,0.001884289,1,263116.1283,6.490723367,1,4.225853237,8159.348632,0.936554791,0.001642543,597880.8868,0.076612529,19842518.32,0.000801169,0.104746575,7.215637218,0.00234448,2291951.588,0.000725533,0.023185806,638990.6008,21.28091514,73855.3431,0.384259709,73873.33234,0.000100133,0.450828497,0.010218053,0.016937695,1108.220297,12571.44356,45442.90642,66384.87166,62473.99666,46605.59104,6354.370305,2.804776565,0.014352248,3.974894626,0.083309165
70,36.56262346,0.0001,53911366.49,0.000401805,1,2918.790876,32.99524899,1,0.000521531,9966.165388,6108.850684,0.02229735,0,6796763.367,0.0001,1,10000.00092,17439.48798,0.015010538,0,9.756270119,6336266.425,0.001723589,10000000,99995056.47,0.017759574,1797.167061,0.32894493,0.316227766,0.000263307,0.001323522,2307315.853,0.001653467,1,304268.7498,1.843187434,1,9.509685426,8340.738781,0.982969752,0.011098354,99779177.58,0.029473653,31016.71004,0.006538732,1.883028933,12.50835188,0.316226817,819071.8117,0.000168062,1.575592105,2075.693236,9298.81698,28082803.43,0.000105178,1239.701709,0.015214771,9.999820446,0.00981885,1.048020465,1106.653087,12886.46059,45571.80076,67198.63015,56089.19926,44507.2089,6367.452883,1.156028801,0.124126025,3.527497357,0.090070773
71,36.56264068,0.000241247,937921.7779,0.00014854,1,3937.487699,3.700619245,1,0.004968513,682.4970523,75018.62676,0.051639663,0,156313.8465,0.997207208,1,4272175.843,6588988.81,0.003141975,0,1.728462386,55598879.6,1.00E-05,338357.9071,23573452.9,3.45E-05,1196.696966,0.587615754,0.179745515,0.000628755,4996.39034,104971.0086,0.064908096,1,1274558.137,1.451712656,1,2.563765376,8490.678175,1.030612365,0.02638629,78480.23955,0.004874868,22284.11803,0.001598248,0.79434707,8.945835234,0.003945878,510175.6306,0.000195458,0.761838922,174939.4835,174.5945609,62722.25301,0.005277442,2424.051543,0.000100017,0.336768414,0.008801455,0.271609569,1107.673485,12589.15092,45421.78529,68088.0098,55462.10389,46452.2848,6355.574736,2.453474265,0.002190433,3.993493096,0.089257171
72,36.57810612,0.000126932,1011.012302,0.043785518,1,29494.03695,15.52865889,1,0.001112638,9530.942951,1005.60682,0.054751957,0,35375.8725,0.000101784,1,995871.1243,1047.928906,0.069767106,0,2.595089318,293315.626,0.003425605,1653056.281,99998752.01,1.12E-05,2141.122819,0.100077097,0.004037858,0.000484611,4909.35955,45064.86351,0.000566739,1,2215724.807,52.43223976,1,264.714792,8388.492682,0.87827423,0.09241309,9273179.576,0.013615994,1965.59917,0.008538348,8.824662404,11.04921336,0.00128181,1464.14133,0.000695205,0.019446935,1003.013942,9989.47996,36777.69865,0.000944738,1001.433857,0.000236392,0.007281651,0.009259704,0.003383866,1106.708562,12596.49127,45469.05414,64973.68072,64325.77688,44978.0497,6363.828394,5.183646296,0.080111455,3.820358687,0.088140815
73,36.72565839,0.00016328,1000.002049,0.03780156,1,77507.65367,20.55554567,1,0.000647433,9999.984342,1002.034328,0.060292346,0,2335.924598,0.99819671,1,2490167.611,170841.3915,0.002451157,0,26.9802755,1318544.769,0.003163026,46408.13758,99991600.52,1.03E-05,2225.920607,0.1,0.008471061,0.000574791,24.3415377,2882.356534,0.029540193,1,31276.45554,2.060378968,1,122.6710832,8130.808827,0.943240295,0.097584581,17172.53341,0.033726876,1000.000599,0.000405892,0.313953895,11.3894224,0.011675721,50609516.7,0.000100117,0.01012472,1795543.165,9998.161555,9194.092102,0.007694751,1002.438205,0.000100117,0.046337501,0.009320837,0.002654579,1107.541657,12596.89386,45429.03483,63746.24976,62270.12249,44949.03268,6371.465708,59.20279357,0.022619234,3.973092425,0.075359971
74,36.77232478,0.00014079,1042.958145,0.025299516,1,434776.2076,50.63816738,1,0.00030183,255.6361981,1002.716866,0.059920061,0,4480.854377,0.442346046,1,3490553.831,74004.323,0.003047693,0,35.79976122,3951572.551,0.006908476,1489163.01,99799271.25,1.04E-05,2193.785391,0.1,0.003968554,0.000103162,437.3699188,2464806.326,0.043691797,1,435135.9247,2.685570267,1,6.323266268,7863.715267,0.971131251,0.072498765,1508581.196,0.022695767,2701016.393,0.001275454,1.626740653,11.02388718,0.002932854,8729.601723,0.000218676,0.033297536,1196.658307,9999.816025,96405097.9,0.48835372,1000.829366,0.000237539,0.005105793,0.009478634,0.007298416,1107.646731,12615.55525,45336.62638,64442.90506,61942.16204,45171.57361,6362.000663,99.99200574,0.054580676,3.879121656,0.078161783
75,36.81087416,0.0001,1956.039047,0.000245013,1,6441.338612,40.00483836,1,0.000816188,9999.771816,1031.41371,0.03280051,0,11790.36527,0.00019998,1,21994.01566,99999983.88,0.00010005,0,460.7607112,99999751.32,1.00E-05,18625.9709,27333371.24,0.000381715,1706.596655,0.266101596,0.316221519,0.007644209,0.004084235,5904825.937,0.000259249,1,479813.3751,258.1984317,1,4.041636025,8085.772539,0.768225449,0.016167035,11968359.61,0.005193683,2220401.387,0.002683218,9.956635306,7.701775231,0.001002509,415546.2811,0.000284298,0.425856598,249062.9111,98.42086327,2141.800127,0.034971915,17583.66941,0.006394471,0.901910162,0.011922878,0.002212523,1108.834781,12524.63332,45459.69316,60591.15205,78419.03614,45924.08161,6357.626204,7.82901671,0.148990566,3.933634189,0.099443713
76,37.03667641,0.000100009,98511531.31,0.001794508,1,6850.482007,369.0614808,1,0.000659819,2575.381668,24622692.42,0.000713804,0,99971458.93,0.00018237,1,56347329.74,1000,0.018104586,0,11.44010499,143414.2546,0.000161597,8063920.732,5993755.32,0.002556763,1946.917012,0.158058848,0.037856777,0.00121706,3676.356934,93601843,0.003376862,1,1003.067779,472.0250642,1,295.0943538,7871.802694,0.983973199,0.004769838,580805.8206,0.000100729,5918.509104,0.001772779,1.392040949,11.41702889,0.002111982,111000.6112,0.000149499,0.010006882,4055.603881,8018.853514,99619929.49,0.002822493,2905392.292,0.0001,7.51473581,0.009720172,0.000100059,1107.707382,12472.4916,45489.09744,67583.57016,61139.94729,44798.9732,6367.559474,1.002552836,0.183918591,3.825094597,0.080822228
77,37.12110008,0.000100992,6982.620836,0.060834395,1,356086.7386,5.713360922,1,0.002111678,1657.418339,30246.06422,0.096374252,0,280029.471,0.284143195,1,18358783.06,5782775.335,0.003937648,0,29.45130681,35971108.38,0.999639671,1781.694872,1550743.073,0.000151026,2093.312901,0.101880377,0.002388237,0.000221843,0.000793945,1287938.898,0.001476787,1,10065.31289,447.993198,1,998.422685,8224.590239,0.896580075,0.294870172,4966493.827,0.026323533,2992.27821,0.011621451,0.150514591,11.44295632,0.021963053,130414.1665,0.000689515,0.362037964,100408.1464,8477.975555,348993.9674,0.000134608,10221.85415,0.001375964,0.022780389,0.009207688,0.002149119,1108.491124,12542.97567,45444.12649,65780.08041,61903.83432,44825.46981,6364.550401,51.12373794,0.002944238,3.735988821,0.079071524
78,37.18472931,0.000138423,1081.300042,0.038842382,1,213160.2152,12.88935663,1,0.001082074,9999.605114,4228.711921,0.074367116,0,51441.92004,0.065765803,1,405355.1359,182978.208,0.005549928,0,22.99684034,24192818.09,0.000218399,31498.2786,11744157.04,0.000456654,2032.007048,0.100451179,0.310585402,0.000363548,0.000958477,21818749.69,0.008318505,1,3891352.112,155.0337636,1,71.34919048,7852.751058,0.798822668,0.002365337,864925.7563,0.002277548,4127.925019,0.001745691,4.397658893,8.313049375,0.009180476,3262206.209,0.000933885,0.041796223,446860.5956,127.620235,3331.236911,0.000931287,11735.00692,0.01391107,0.186422166,0.012094587,0.00019782,1108.336332,12544.57522,45452.44082,60100.2419,78757.07531,45528.29535,6367.231643,64.98485437,0.042622674,4.037182481,0.08872955
79,37.24604088,0.0001,18639573.03,0.028196779,1,1000.053836,3.675417053,1,0.003731995,206.5817633,111672.094,0.083949863,0,971321.2275,0.209459484,1,211582804.8,16071640.16,0.004062653,0,23.55036161,1000.004467,0.999556238,3706.564569,2303428.044,0.000155272,2073.837723,0.113241337,0.007886719,0.000139419,22.22731888,67094791.86,0.012444345,1,219638.0453,1.472015771,1,999.6932276,8258.068861,0.895488849,0.316227766,1150106.108,0.009900011,1447324.854,0.012833318,0.914433566,11.49617431,0.035893941,9345.236574,0.000612111,0.015631695,7850.288546,9990.476671,254379.7991,0.016797817,156939.2996,0.000798667,0.010807104,0.009176292,0.000140151,1108.441022,12548.9954,45464.33467,65717.41922,61962.74085,44793.59407,6366.408623,99.94389714,0.001370729,3.753413001,0.078874322
80,37.24771475,0.000100009,8231.448398,0.001041411,1,139829.5919,35.63059133,1,0.000477864,8776.467724,1003.424313,0.04942495,0,21335.83726,0.000261138,1,35475.48324,99907564.02,0.000155256,0,552.964168,99801672.65,1.01E-05,10207.54304,16921029.4,0.000118255,1979.17055,0.157595875,0.002650688,0.002947946,0.001881158,1090.080724,0.559504608,1,542201.2819,243.7908267,1,387.5167686,8583.730227,0.696639587,0.128447885,4041363.828,0.024050013,10732256.9,0.004218505,0.287276042,8.438822575,0.003463225,1211583.695,0.000165251,0.031117188,1492792.691,244.5912351,892530.1795,0.002276078,65350.72801,0.008521035,1.010232719,0.011305918,0.002137848,1109.049499,12502.32833,45312.33057,60065.75495,78457.47372,45565.80739,6361.266934,9.489900239,0.112528183,3.789665168,0.09456067
81,37.25337668,0.000100546,8996.390121,0.018415046,1,3320016.637,153.0924841,1,0.000252198,4535.161112,5632.296899,0.037379498,0,94311.11297,0.000100021,1,10014480.61,6236.810233,0.040933086,0,1.000038023,99204894.59,4.88E-05,106534.2714,12506889.13,0.000706907,1602.409312,0.28729131,0.312488688,0.000272616,14.3001881,12597718.22,0.01538635,1,13194.00396,1.040068845,1,15.42811971,7522.114849,0.833176744,0.002431865,402616.3247,0.216073237,142382.7511,0.000229005,8.741292001,5.69049302,0.001229598,13845386.06,0.001291749,0.014723761,5579.253955,173.9851853,24780484.88,0.018319513,1002.635437,0.00112824,0.097968457,0.012791854,0.030566023,1107.356221,12650.25558,45392.41301,59782.84241,80161.95495,46669.29389,6360.413636,69.52407189,0.145574406,4.198710943,0.082030736
82,37.31992476,0.000178285,1038.311968,0.022498784,1,9523063.495,75.69856382,1,0.0002774,170.2051474,3016.171764,0.049747991,0,63345.92905,0.000274386,1,8195556.525,1016.566046,0.083679335,0,2.416043782,6590798.436,0.002229194,141171.2109,85870001.4,1.10E-05,2168.3007,0.1,0.085758203,0.000202394,0.000154578,48576625.26,0.000846594,1,98022948.09,1.98594346,1,17.30101848,8045.240293,0.848222913,0.102713188,1234072.004,0.421594795,1012.320683,0.000674602,0.159843364,9.991832154,0.001281804,19564.94314,0.000225079,0.010628082,1006.882331,9993.510659,2621875.347,0.124089242,1001.796108,0.000332696,0.156881188,0.010439415,0.007485023,1106.658566,12591.93955,45394.76373,62171.09263,70897.56509,45032.27419,6366.984755,26.69457433,0.1138869,3.887274326,0.086724453
83,37.32180027,0.000100027,543028.6582,0.000152545,1,222433.5586,11151.88828,1,0.00013079,712.3189694,530193.5499,0.003327867,0,8355263.485,0.000260971,1,13978998.88,1000,0.037467342,0,3.547543521,2010621.304,0.002489533,9275941.478,34181581.29,2.20E-05,1704.290919,0.29199968,0.3162125,0.000100001,0.021435435,1094.323713,0.003214765,1,2805.973596,2.945051326,1,4.76329398,8260.961345,0.872420247,0.097823037,1000.009648,0.036774958,1041486.968,0.079121777,0.676264386,10.82657927,0.031118387,5861695.983,0.999629548,3.594284276,124088.4729,3.984564708,103846.2743,0.003248645,360170.7166,0.000100262,9.449564158,0.010253767,0.000100067,1106.103687,12728.15133,45410.27689,66224.04132,63859.46709,44635.07203,6365.753537,1.165294462,0.15506145,3.66371049,0.087816083
84,37.36767703,0.000100001,47476.61533,0.044921089,1,89597.85239,10.63979426,1,0.001268398,1840.100147,1011.042472,0.0842208,0,22876.98145,0.000932953,1,324077.2538,39597.56861,0.01226998,0,10.28364509,69331.77836,0.999512219,1000.282797,1343806.168,0.000105425,2045.479824,0.112822964,0.007068748,0.002479903,0.011745017,725587.0951,0.000111193,1,18805631.86,4.032984334,1,999.6226315,8185.072489,0.889331658,0.311965006,217963.2826,0.016240032,350784.3747,0.013640265,0.597278378,11.24178202,0.015332696,44130.82333,0.00091747,0.436028158,55282.19646,9426.003138,161918.3017,0.005353733,95787.23344,0.002719461,0.042423084,0.00945389,0.000242102,1107.522378,12582.35111,45442.37591,65750.56816,62409.9479,44821.1701,6367.009531,26.51129059,0.001875265,3.76263435,0.073943593
85,37.49851217,0.000100115,28158864.63,0.025059289,1,1074.41477,3.65298855,1,0.00396714,145.4505608,87986.9493,0.083202643,0,799936.8435,0.160020334,1,44696219.38,10488415.89,0.004341418,0,24.04815154,13567808.65,0.998257589,3534.532017,15792332.53,0.000192656,2067.770618,0.116082447,0.008156575,0.002714779,0.001119552,233560.9161,0.002384606,1,79830713.34,4.417751805,1,498.601901,8288.478399,0.891686083,0.312563769,166228.7082,0.009764843,16278.5632,0.012267309,1.065563511,11.46945416,0.011966962,7449.778838,0.000790592,0.012761079,5703.174895,7044.920718,96064.98737,0.000372945,95741.80701,0.003041794,0.011365595,0.009173507,0.000218762,1108.303258,12554.1051,45526.6862,65787.02995,61908.41568,44788.04749,6368.628412,98.40542696,0.004983905,3.744774881,0.079564167
86,37.5409755,0.000235246,38877.29052,0.000173607,1,2403.99035,19.320455,1,0.000169661,3756.787758,98629202.16,0.000100002,0,1222373.848,0.00055867,1,2171121.51,1000.46781,0.021706802,0,6.798950041,935929.3142,0.002331785,4464534.157,14296076.39,0.005113153,1733.64723,0.309485759,0.315769755,0.006382181,9979.158715,7709.032206,0.000831793,1,605195.6949,25.58554309,1,179.4118895,8463.48132,0.869257127,0.081192982,3300468.256,0.000150763,97549309.59,0.007583312,0.10801651,11.17596981,0.003672265,1127044.697,0.000953334,0.016023424,255769.3678,9581.634273,13623.40821,0.003067152,11174.14467,0.000117529,8.840809447,0.009422085,0.000422,1106.591984,12732.87572,45472.01715,66535.90218,62002.77254,44718.19547,6367.416815,1.21488528,0.151815243,3.716659455,0.086829816
87,37.55313614,0.00013854,12310.57363,0.001426976,1,18222166.48,18.38629992,1,0.000835375,4475.58758,1000.003569,0.060267133,0,2203.753221,0.939240346,1,186949.7764,187990.5896,0.002791612,0,1.183376662,11322.34463,0.002096513,10615.91225,34306564.54,1.44E-05,2123.350262,0.100031163,0.006689728,0.000377808,9975.187553,8982.124904,0.002559967,1,120343.096,1075.761085,1,20.23054535,8538.542216,0.855000129,0.103997443,5690507.237,0.000100442,1006.846188,0.000155457,1.942600338,10.09577377,0.012494235,16765074.2,0.000100206,0.012264134,325774.0523,9976.47687,721017.3411,0.00099633,6156.117777,0.000100092,0.037581941,0.009672077,0.061761358,1107.666803,12601.21264,45531.02423,64715.16756,64384.05712,45542.51185,6372.623929,5.621324676,0.002726992,3.928579083,0.083017811
88,37.5706551,0.000182832,1224.159761,0.038613994,1,10189616.05,25.45351707,1,0.000690177,9945.843701,1089.203705,0.056076833,0,51038.99216,0.000100072,1,6616188.499,1000,0.085730736,0,3.860270874,2812667.662,0.005139822,5330504.815,100000000,1.00E-05,2200.622404,0.1,0.298898297,0.060526419,0.00036429,3303.903317,0.000116793,1,85029087.81,357.5197599,1,67.36736333,8364.40841,0.898263184,0.166805847,7768709.645,0.004170167,1000.009671,0.000636259,9.899024748,11.1916634,0.001890899,40765.23216,0.000134177,0.022397437,2139.472803,10000,76503215.62,0.289754,1272.815689,0.00049309,0.00229228,0.009265845,0.001850911,1106.608521,12614.30943,45429.11642,64636.15147,62742.23572,44943.60449,6368.130285,39.3743729,0.106919175,3.828225925,0.084455979
89,37.61194099,0.000708972,1033.844187,0.001813007,1,1002.154267,2.169510818,1,0.007332353,114.6098832,4672.71163,0.062640812,0,62569.9892,0.02114016,1,5237530.319,145404.3301,0.007816589,0,11.94785738,3413974.241,0.001564647,39096.12729,99688458.39,1.18E-05,2229.465519,0.100000009,0.014768125,0.000100062,131.5600773,2865783.448,0.020805865,1,21014677.04,15.04111148,1,423.1127963,8157.584667,1.024071147,0.287325771,3916294.205,0.001685845,53605.19868,0.02479027,1.71888808,12.74259911,0.305370444,3225.969299,0.000868307,0.074754975,3781.265655,8533.812371,15158.44003,0.001397912,5931.866112,0.000350131,0.188690324,0.00843297,0.000374959,1107.660503,12543.59173,45499.12974,65290.2212,56352.57037,44762.77684,6368.196123,20.17645067,0.006594652,3.965879643,0.064982038
90,37.85691864,0.000102613,23108043.69,0.000116352,1,2897.820564,263.0101688,1,0.003586977,338.1260492,7756774.927,0.002658068,0,20099974.66,0.023617464,1,24734217.76,17529307.52,0.000524876,0,29.37309974,64189.74937,0.01695264,93503.6986,9615420.246,0.003326009,2029.372589,0.100001234,0.017147482,0.001353819,9178.014934,1054.407776,0.004139376,1,220899.7885,11.0657955,1,40.78654142,7772.026809,0.957198091,0.013971355,147764.2793,0.000100668,12547.15982,0.999999986,8.911355822,11.17272476,0.038509411,738345.8021,0.004102316,0.010474002,1051.334049,6800.707091,19687403.39,0.001413658,21402.54998,0.000100002,1.615888589,0.01009922,0.001702049,1108.471445,12547.92632,45474.28717,66054.0377,62705.81979,44661.44702,6367.997878,1,0.106099715,3.866172185,0.066311068
91,38.12526013,0.000167616,4639.653846,0.000167985,1,1055.050044,2634.702418,1,0.000333538,9998.667122,136032.7037,0.002858909,0,765242.5848,0.002705363,1,1663596.814,109620.1924,0.002925717,0,10.82177724,1000.127295,0.145534668,1096.714537,14530313.35,0.020502948,2066.078127,0.1,0.008775625,0.002348771,9796.70927,2483.505007,0.006120828,1,208443.9815,110.6758612,1,15.1449802,7840.512472,0.976006388,0.084312887,5820648.852,0.000101862,65170.21744,0.000856048,0.829199287,11.15152083,0.004579607,1202955.882,0.000603728,0.031930395,1000.672512,9999.913884,9342.293778,0.012522912,1298.56218,0.0001,1.774079796,0.009856454,0.00929567,1107.417469,12580.62595,45494.50248,65970.0647,61571.06419,44857.82579,6366.083197,1.108851249,0.161743479,3.947669534,0.062423666
92,38.17012887,0.000100385,2109.802244,0.039706518,1,1626188.367,13.20280686,1,0.001313658,9499.665209,16589.64795,0.081778713,0,947980.6878,0.00011101,1,8491304.597,17142.06786,0.104477396,0,1.000000017,540094.9792,0.999958362,3440.759598,1933069.729,0.00015377,2060.984948,0.138986486,0.312675356,0.002094959,0.003646789,7098823.037,0.000166225,1,252569.1601,47.21281006,1,999.8688764,8415.858018,0.892008148,0.315737275,2564818.455,0.094194221,1481.019034,0.009362356,0.17687571,11.39165149,0.00161015,1073396.834,0.000493832,0.089113797,777844.8309,9996.202607,418393.424,0.013236805,50992.76482,0.018566007,0.009345273,0.009017746,0.00044347,1107.99385,12539.10098,45405.32724,65996.31853,61585.70537,44930.09532,6366.102986,99.31444501,0.086220526,3.73555561,0.088264556
93,38.2345585,0.000100063,11083.71143,0.000126461,1,1202.397072,66.32707416,1,0.006471994,248.9021511,3811319.176,0.002584341,0,9039063.347,0.024232147,1,11723936.03,6931515.041,0.000542324,0,29.7321339,26945.75086,0.018281267,38721.79131,3604245.127,6.26E-05,2021.192509,0.1,0.316223703,0.038073346,0.04442784,1080434.641,0.005944488,1,375569.0538,25.74160726,1,52.11096673,7904.329755,0.936668568,0.001086284,29914.42917,0.000100158,13186163.31,0.838057699,7.081721868,11.09044928,0.003156278,125973.2895,0.000190046,0.722132465,361062.7952,42.99751236,98920747.62,0.000391463,1959510.568,0.0001,1.525733166,0.010090413,0.000104549,1108.721629,12531.09781,45635.59739,65897.55936,63178.61339,44627.89576,6374.77675,1,0.109309974,3.828329359,0.070573065
94,38.24503378,0.000199268,85652.23897,0.001161845,1,1629.515628,1151.520118,1,0.000457078,1461.195412,22411751.07,0.00086153,0,99989668.83,0.000743916,1,60914392.87,1000.005342,0.007595517,0,28.38143564,158578.7937,4.17E-05,9966218.169,6493278.046,0.000126423,1872.514891,0.214006536,0.316227766,0.011355515,0.057574428,2330332.274,0.000123262,1,14924684.19,252.1297598,1,51.29038275,7872.668959,1.025905059,0.001737116,33982.24761,0.000118973,12557.68977,0.809982788,1.033411283,11.96000524,0.006914828,97418751.63,0.0040531,0.195844165,1231577.341,2458.009234,78497258.61,0.00046767,111853.042,0.0001,8.015161029,0.009352782,0.000546722,1108.188911,12147.41867,45517.13623,69170.59158,58740.77201,44657.19287,6368.104918,1,0.150862184,3.800109106,0.084244204
95,38.32688692,0.000114908,27705422.03,0.005310748,1,1038.282108,4.771673395,1,0.004561955,280.6120393,28574.40856,0.078585344,0,498386.6608,0.003202341,1,4902977.949,74397.06281,0.034879439,0,5.36468035,99784847.97,6.55E-05,46654.11763,23184745.34,1.66E-05,2077.205721,0.103185872,0.002549957,0.001773972,0.026495961,77636.63795,0.000353078,1,12483982.75,199.9398077,1,7.051915343,7831.395911,0.795498179,0.015453292,3958.445136,0.078226835,9490.958185,0.012179992,2.465443191,8.109430012,0.012789668,14156.08788,0.006726214,0.010010519,9755747.471,1787.875034,23608781.35,0.000100331,2119.558609,0.00380177,0.532086206,0.011447131,0.029304495,1108.009082,12546.788,45716.10484,59916.00937,79029.62296,45736.78992,6362.463296,23.91742661,0.06112458,3.961802849,0.089018356
96,38.33947361,0.000158363,1015.834925,0.050666868,1,917246.9789,9.620983061,1,0.001447299,8971.913339,11372.90234,0.085965187,0,546848.7327,0.0001,1,21943314.62,8210.580624,0.110615896,0,1.689424974,1144928.457,1.00E-05,558869.7974,99999949.34,1.12E-05,2185.160292,0.1,0.007027346,0.000100247,0.001165399,143280.6457,0.007219609,1,8580.109097,1.060466515,1,37.77717952,8335.720037,0.94478635,0.15100029,27914926.58,0.148878022,20764776.93,0.011019586,2.009739276,12.08380755,0.001532528,1764.310343,0.000809671,0.025306924,1621.954661,9999.978125,3891.736074,0.000395675,2452.555703,0.000222755,0.023341875,0.008511536,0.000904869,1105.982945,12832.01534,45447.24275,65597.33714,57159.08131,44908.69964,6365.106872,6.915472044,0.046175449,3.54608458,0.092529054
97,38.38902727,0.000100035,119584.0396,0.000139262,1,5145101.065,60.37904088,1,0.000289462,9996.566744,2173.98999,0.064611177,0,2975.433717,0.999819969,1,5305122.053,173701.1885,0.002763052,0,24.24800819,78829116.66,1.09E-05,6320.427442,24854308.23,1.52E-05,2203.502056,0.1,0.231599625,0.000652673,0.005084884,23876790.56,0.002502163,1,999682.7311,17.81032933,1,9.904867814,7639.924733,1.145877955,0.018176017,99910087.66,0.043797251,1000,0.000100368,7.602332916,12.45993309,0.013309907,12167896.59,0.0001,0.097048579,117214.9779,9958.16413,13532817.97,0.000100027,1000.120709,0.000100014,0.038024854,0.008578365,3.760601527,1108.504652,12552.27253,45488.35378,65997.82297,53843.0645,45068.3263,6371.025304,99.9283255,0.00238041,3.993702774,0.061791655
98,38.45160535,0.000203367,2124.010112,0.000172962,1,7582.457068,5.961518843,1,0.003142812,617.8442938,2604847.244,0.080908073,0,99989873.74,0.002824389,1,2666257622,5764.435711,0.093533372,0,4.035528428,959952.8449,0.999995222,3461.275673,7482657.208,0.000145578,2059.788077,0.140434858,0.303092064,0.000106748,1.816172415,135132.0328,0.034424155,1,2844578.675,1.927365203,1,999.8419861,8280.710469,0.916485271,0.315593683,7570842.301,0.023648711,8515.232883,0.009196879,6.89126183,11.61409088,0.012107777,59510.03559,0.000519536,0.026457558,25658.51218,9867.477391,692064.6716,0.003349805,5241.259951,0.006230833,0.009498204,0.008948438,0.004725757,1107.916525,12588.46451,45467.81874,65903.14344,61633.66167,44865.32726,6358.460387,99.00652782,0.088253102,3.760895913,0.090795951
99,38.63286103,0.000128367,2129.532096,0.056135015,1,255774.3738,5.292765224,1,0.002393651,2282.621324,14544.19404,0.101069987,0,75388.4753,0.512204217,1,7676982.312,2613821.284,0.003671344,0,31.76460214,63177.63145,0.488516413,1401.292701,94047851.79,0.000116226,2081.848778,0.116770167,0.001225623,0.003600312,0.019459795,280932.9761,0.003229799,1,283962.9309,3.108925249,1,513.8523062,8170.302758,0.907898357,0.002693794,7785872.724,0.014741645,120969.6433,0.011371196,0.127942809,11.23757543,0.05463074,5510447.892,0.001143661,0.01339093,5979081.868,8923.233138,235778.2609,0.007697214,4364.89489,0.001228566,0.027797475,0.009449014,0.004986239,1108.360449,12539.28375,45546.70771,65871.69367,62064.1483,44862.32322,6371.921694,69.02792364,0.003359843,3.787119507,0.086804174
